description,attribute,metric,value
State Data,Statewide,Cases,1086
State Data,Statewide,Hospitalizations,148
State Data,Statewide,Counties,36
State Data,Statewide,People Tested,8064
State Data,Statewide,Deaths,19
State Data,Statewide,Outbreaks,9
State Data,Statewide,Rate Per 100000,19.07
State Data,Note,"Case summaries for 3/26/2020 and 3/25/2020 were created retroactively. Due to retroactively updated and corrected underlying data, case counts and summary statistics may not match what was published on the corresponding day.",NA
State Data,Note,Data is updated daily by about 4 p.m. and includes cases reported through the previous day.,NA
State Data,Note,Outbreaks are investigated at residential and non-hospital heathcare facilities.,NA
State Data,Note,"The state rate per 100,000 includes all cases (including cases who have not yet been assigned to a county).",NA
Case Counts by County,Adams County,Cases,38
Case Counts by County,Adams County,Rate Per 100000,7.429522184
Case Counts by County,Alamosa County,Cases,0
Case Counts by County,Alamosa County,Rate Per 100000,NA
Case Counts by County,Arapahoe County,Cases,88
Case Counts by County,Arapahoe County,Rate Per 100000,13.51056741
Case Counts by County,Archuleta County,Cases,0
Case Counts by County,Archuleta County,Rate Per 100000,NA
Case Counts by County,Baca County,Cases,0
Case Counts by County,Baca County,Rate Per 100000,NA
Case Counts by County,Bent County,Cases,0
Case Counts by County,Bent County,Rate Per 100000,NA
Case Counts by County,Boulder County,Cases,51
Case Counts by County,Boulder County,Rate Per 100000,15.66935811
Case Counts by County,Broomfield County,Cases,8
Case Counts by County,Broomfield County,Rate Per 100000,11.51858091
Case Counts by County,Chaffee County,Cases,3
Case Counts by County,Chaffee County,Rate Per 100000,NA
Case Counts by County,Cheyenne County,Cases,0
Case Counts by County,Cheyenne County,Rate Per 100000,NA
Case Counts by County,Clear Creek County,Cases,3
Case Counts by County,Clear Creek County,Rate Per 100000,NA
Case Counts by County,Conejos County,Cases,0
Case Counts by County,Conejos County,Rate Per 100000,NA
Case Counts by County,Costilla County,Cases,0
Case Counts by County,Costilla County,Rate Per 100000,NA
Case Counts by County,Crowley County,Cases,1
Case Counts by County,Crowley County,Rate Per 100000,NA
Case Counts by County,Custer County,Cases,0
Case Counts by County,Custer County,Rate Per 100000,NA
Case Counts by County,Delta County,Cases,1
Case Counts by County,Delta County,Rate Per 100000,NA
Case Counts by County,Denver County,Cases,214
Case Counts by County,Denver County,Rate Per 100000,29.81344308
Case Counts by County,Dolores County,Cases,0
Case Counts by County,Dolores County,Rate Per 100000,NA
Case Counts by County,Douglas County,Cases,58
Case Counts by County,Douglas County,Rate Per 100000,16.91741385
Case Counts by County,Eagle County,Cases,120
Case Counts by County,Eagle County,Rate Per 100000,218.7266464
Case Counts by County,El Paso County,Cases,122
Case Counts by County,El Paso County,Rate Per 100000,17.07738716
Case Counts by County,Elbert County,Cases,3
Case Counts by County,Elbert County,Rate Per 100000,NA
Case Counts by County,Fremont County,Cases,1
Case Counts by County,Fremont County,Rate Per 100000,NA
Case Counts by County,Garfield County,Cases,13
Case Counts by County,Garfield County,Rate Per 100000,21.73658602
Case Counts by County,Gilpin County,Cases,0
Case Counts by County,Gilpin County,Rate Per 100000,NA
Case Counts by County,Grand County,Cases,2
Case Counts by County,Grand County,Rate Per 100000,NA
Case Counts by County,Grand Total County,Cases,1086
Case Counts by County,Grand Total County,Rate Per 100000,NA
Case Counts by County,Gunnison County,Cases,52
Case Counts by County,Gunnison County,Rate Per 100000,302.8009084
Case Counts by County,Hinsdale County,Cases,1
Case Counts by County,Hinsdale County,Rate Per 100000,NA
Case Counts by County,Huerfano County,Cases,1
Case Counts by County,Huerfano County,Rate Per 100000,NA
Case Counts by County,Jackson County,Cases,0
Case Counts by County,Jackson County,Rate Per 100000,NA
Case Counts by County,Jefferson County,Cases,93
Case Counts by County,Jefferson County,Rate Per 100000,16.04856676
Case Counts by County,Kiowa County,Cases,0
Case Counts by County,Kiowa County,Rate Per 100000,NA
Case Counts by County,Kit Carson County,Cases,0
Case Counts by County,Kit Carson County,Rate Per 100000,NA
Case Counts by County,La Plata County,Cases,1
Case Counts by County,La Plata County,Rate Per 100000,NA
Case Counts by County,Lake County,Cases,0
Case Counts by County,Lake County,Rate Per 100000,NA
Case Counts by County,Larimer County,Cases,45
Case Counts by County,Larimer County,Rate Per 100000,12.84385864
Case Counts by County,Las Animas County,Cases,0
Case Counts by County,Las Animas County,Rate Per 100000,NA
Case Counts by County,Lincoln County,Cases,0
Case Counts by County,Lincoln County,Rate Per 100000,NA
Case Counts by County,Logan County,Cases,2
Case Counts by County,Logan County,Rate Per 100000,NA
Case Counts by County,Mesa County,Cases,5
Case Counts by County,Mesa County,Rate Per 100000,3.254572675
Case Counts by County,Mineral County,Cases,0
Case Counts by County,Mineral County,Rate Per 100000,NA
Case Counts by County,Moffat County,Cases,0
Case Counts by County,Moffat County,Rate Per 100000,NA
Case Counts by County,Montezuma County,Cases,0
Case Counts by County,Montezuma County,Rate Per 100000,NA
Case Counts by County,Montrose County,Cases,4
Case Counts by County,Montrose County,Rate Per 100000,NA
Case Counts by County,Morgan County,Cases,3
Case Counts by County,Morgan County,Rate Per 100000,NA
Case Counts by County,Otero County,Cases,1
Case Counts by County,Otero County,Rate Per 100000,NA
Case Counts by County,Ouray County,Cases,0
Case Counts by County,Ouray County,Rate Per 100000,NA
Case Counts by County,Park County,Cases,1
Case Counts by County,Park County,Rate Per 100000,NA
Case Counts by County,Phillips County,Cases,0
Case Counts by County,Phillips County,Rate Per 100000,NA
Case Counts by County,Pitkin County,Cases,21
Case Counts by County,Pitkin County,Rate Per 100000,117.4562336
Case Counts by County,Prowers County,Cases,0
Case Counts by County,Prowers County,Rate Per 100000,NA
Case Counts by County,Pueblo County,Cases,3
Case Counts by County,Pueblo County,Rate Per 100000,NA
Case Counts by County,Rio Blanco County,Cases,0
Case Counts by County,Rio Blanco County,Rate Per 100000,NA
Case Counts by County,Rio Grande County,Cases,0
Case Counts by County,Rio Grande County,Rate Per 100000,NA
Case Counts by County,Routt County,Cases,6
Case Counts by County,Routt County,Rate Per 100000,23.3617568
Case Counts by County,Saguache County,Cases,0
Case Counts by County,Saguache County,Rate Per 100000,NA
Case Counts by County,San Juan County,Cases,0
Case Counts by County,San Juan County,Rate Per 100000,NA
Case Counts by County,San Miguel County,Cases,1
Case Counts by County,San Miguel County,Rate Per 100000,NA
Case Counts by County,Sedgwick County,Cases,0
Case Counts by County,Sedgwick County,Rate Per 100000,NA
Case Counts by County,Summit County,Cases,9
Case Counts by County,Summit County,Rate Per 100000,29.05756627
Case Counts by County,Teller County,Cases,5
Case Counts by County,Teller County,Rate Per 100000,19.95211492
Case Counts by County,Unknown Or Pending County,Cases,18
Case Counts by County,Unknown Or Pending County,Rate Per 100000,NA
Case Counts by County,Washington County,Cases,0
Case Counts by County,Washington County,Rate Per 100000,NA
Case Counts by County,Weld County,Cases,87
Case Counts by County,Weld County,Rate Per 100000,27.6848761
Case Counts by County,Yuma County,Cases,1
Case Counts by County,Yuma County,Rate Per 100000,NA
Case Counts by County,Note,Cases include people who had a positive lab test positive and cases that public health identified and determined were likely to have COVID-19 because of their symptoms and close contact with someone who tested positive. The number of untested cases included in the total case count is a very small portion of the total cases reported.,NA
Case Counts by County,Note,People who tested positive for COVID-19 in Colorado while visiting are included in the county where they were identified.,NA
Case Counts by County,Note,"County rates per 100,000 are calculated using 2018 population estimates from the Demography Section, Colorado Division of Local Government.",NA
Case Counts by County,Note,Rates are not shown for counties with fewer than 5 cases.,NA
Case Counts by County,Note,Caution should be used when interpreting rates in counties with small populations.,NA
Case Counts by County,Note,Some cases may still be under investigation and county not assigned yet.,NA
Case Counts by Age Group,0-9,Cases,15
Case Counts by Age Group,0-9,Percent,1.38
Case Counts by Age Group,10-19,Cases,26
Case Counts by Age Group,10-19,Percent,2.39
Case Counts by Age Group,20-29,Cases,151
Case Counts by Age Group,20-29,Percent,13.9
Case Counts by Age Group,30-39,Cases,187
Case Counts by Age Group,30-39,Percent,17.22
Case Counts by Age Group,40-49,Cases,204
Case Counts by Age Group,40-49,Percent,18.78
Case Counts by Age Group,50-59,Cases,180
Case Counts by Age Group,50-59,Percent,16.57
Case Counts by Age Group,60-69,Cases,148
Case Counts by Age Group,60-69,Percent,13.63
Case Counts by Age Group,70-79,Cases,113
Case Counts by Age Group,70-79,Percent,10.41
Case Counts by Age Group,80+,Cases,58
Case Counts by Age Group,80+,Percent,5.34
Case Counts by Age Group,Unknown,Cases,4
Case Counts by Age Group,Unknown,Percent,0.37
Case Counts by Sex,Female,Cases,525
Case Counts by Sex,Female,Percent,48.34
Case Counts by Sex,Male,Cases,549
Case Counts by Sex,Male,Percent,50.55
Case Counts by Sex,Unknown,Cases,12
Case Counts by Sex,Unknown,Percent,1.1
Case Counts by Onset Date,Note,Onset date data unavailable for this date ,NA
Deaths,El Paso County,Cases,5
Deaths,Weld County,Cases,4
Deaths,Denver County,Cases,3
Deaths,Larimer County,Cases,1
Deaths,Jefferson County,Cases,2
Deaths,Crowley County,Cases,1
Deaths,Eagle County,Cases,1
Deaths,Gunnison County,Cases,1
Deaths,Teller County,Cases,1
"Case Counts by Age Group, Hospitalizations, and Deaths","0-9, Not Hospitalized",Cases,15
"Case Counts by Age Group, Hospitalizations, and Deaths","10-19, Not Hospitalized",Cases,26
"Case Counts by Age Group, Hospitalizations, and Deaths","20-29, Hospitalized",Cases,3
"Case Counts by Age Group, Hospitalizations, and Deaths","20-29, Not Hospitalized",Cases,148
"Case Counts by Age Group, Hospitalizations, and Deaths","30-39, Hospitalized",Cases,13
"Case Counts by Age Group, Hospitalizations, and Deaths","30-39, Not Hospitalized",Cases,174
"Case Counts by Age Group, Hospitalizations, and Deaths","40-49, Deaths",Cases,1
"Case Counts by Age Group, Hospitalizations, and Deaths","40-49, Hospitalized",Cases,19
"Case Counts by Age Group, Hospitalizations, and Deaths","40-49, Not Hospitalized",Cases,184
"Case Counts by Age Group, Hospitalizations, and Deaths","50-59, Deaths",Cases,2
"Case Counts by Age Group, Hospitalizations, and Deaths","50-59, Hospitalized",Cases,34
"Case Counts by Age Group, Hospitalizations, and Deaths","50-59, Not Hospitalized",Cases,144
"Case Counts by Age Group, Hospitalizations, and Deaths","60-69, Deaths",Cases,3
"Case Counts by Age Group, Hospitalizations, and Deaths","60-69, Hospitalized",Cases,26
"Case Counts by Age Group, Hospitalizations, and Deaths","60-69, Not Hospitalized",Cases,119
"Case Counts by Age Group, Hospitalizations, and Deaths","70-79, Deaths",Cases,7
"Case Counts by Age Group, Hospitalizations, and Deaths","70-79, Hospitalized",Cases,26
"Case Counts by Age Group, Hospitalizations, and Deaths","70-79, Not Hospitalized",Cases,80
"Case Counts by Age Group, Hospitalizations, and Deaths","80+, Deaths",Cases,6
"Case Counts by Age Group, Hospitalizations, and Deaths","80+, Hospitalized",Cases,16
"Case Counts by Age Group, Hospitalizations, and Deaths","80+, Not Hospitalized",Cases,36
"Case Counts by Age Group, Hospitalizations, and Deaths","Unknown, Not Hospitalized",Cases,4
"Case Counts by Age Group, Hospitalizations, and Deaths",Note,Data on cases recovered is unavailable.,NA
"Case Counts by Age Group, Hospitalizations, and Deaths",Note,Patients who were hospitalized and subsequently died are only counted once as a death.,NA
